intron_id,gene_id
000000F_DK2_H1_102816_102837,000000F_DK2_H1.63
000000F_DK2_H2_105018_105039,000000F_DK2_H2.63
000001F_DK2_H1_159144_159167,000001F_DK2_H1.73
000001F_DK2_H2_176165_176196,000001F_DK2_H2.80
000002F_DK2_H1_34396_34420,000002F_DK2_H1.19
000002F_DK2_H1_34614_34633,000002F_DK2_H1.19
000002F_DK2_H1_84882_84905,000002F_DK2_H1.39
000002F_DK2_H1_160962_160983,000002F_DK2_H1.85
000002F_DK2_H1_161062_161093,000002F_DK2_H1.85
000002F_DK2_H2_4191_4215,000002F_DK2_H2.3
000004F_DK2_H1_59708_59734,000004F_DK2_H1.27
000004F_DK2_H1_111084_111106,000004F_DK2_H1.63
000004F_DK2_H1_111839_111858,000004F_DK2_H1.64
000004F_DK2_H1_135858_135878,000004F_DK2_H1.78
000005F_DK2_H1_156773_156819,000005F_DK2_H1.96
000005F_DK2_H2_73713_73735,000005F_DK2_H2.49
000006F_DK2_H1_126324_126344,000006F_DK2_H1.74
000006F_DK2_H2_83613_83635,000006F_DK2_H2.40
000007F_DK2_H1_83196_83217,000007F_DK2_H1.46
000007F_DK2_H2_39468_39489,000007F_DK2_H2.21
000007F_DK2_H2_82548_82568,000007F_DK2_H2.53
000007F_DK2_H2_131876_131895,000007F_DK2_H2.85
000008F_DK2_H1_86670_86696,000008F_DK2_H1.55
000008F_DK2_H2_47501_47523,000008F_DK2_H2.25
000008F_DK2_H2_47814_47836,000008F_DK2_H2.25
000008F_DK2_H2_52002_52024,000008F_DK2_H2.29
000009F_DK2_H1_138089_138111,000009F_DK2_H1.78
000009F_DK2_H2_150856_150880,000009F_DK2_H2.92
000010F_DK2_H1_56683_56710,000010F_DK2_H1.36
000010F_DK2_H2_100880_100904,000010F_DK2_H2.68
000011F_DK2_H1_41777_41798,000011F_DK2_H1.24
000011F_DK2_H1_42081_42102,000011F_DK2_H1.24
000011F_DK2_H1_42936_42959,000011F_DK2_H1.24
000011F_DK2_H2_99562_99590,000011F_DK2_H2.69
000011F_DK2_H2_99696_99719,000011F_DK2_H2.69
000012F_DK2_H1_9947_9969,000012F_DK2_H1.11
000012F_DK2_H1_110837_110858,000012F_DK2_H1.89
000012F_DK2_H2_33806_33824,000012F_DK2_H2.33
000013F_DK2_H1_64605_64625,000013F_DK2_H1.54
000013F_DK2_H2_63677_63729,000013F_DK2_H2.45
000014F_DK2_H1_88806_88833,000014F_DK2_H1.51
000014F_DK2_H1_94368_94395,000014F_DK2_H1.56
000014F_DK2_H1_101016_101045,000014F_DK2_H1.62
000015F_DK2_H2_38795_38819,000015F_DK2_H2.15
000015F_DK2_H2_99732_99751,000015F_DK2_H2.61
000015F_DK2_H2_129256_129279,000015F_DK2_H2.79
000016F_DK2_H1_96460_96489,000016F_DK2_H1.58
000016F_DK2_H1_99628_99653,000016F_DK2_H1.59
000016F_DK2_H1_132046_132069,000016F_DK2_H1.87
000016F_DK2_H2_39911_39933,000016F_DK2_H2.24
000017F_DK2_H1_17866_17889,000017F_DK2_H1.7
000017F_DK2_H1_18045_18073,000017F_DK2_H1.7
000017F_DK2_H1_27056_27078,000017F_DK2_H1.18
000017F_DK2_H1_109374_109410,000017F_DK2_H1.73
000017F_DK2_H1_109611_109639,000017F_DK2_H1.73
000017F_DK2_H2_21407_21429,000017F_DK2_H2.11
000018F_DK2_H2_13203_13231,000018F_DK2_H2.11
000018F_DK2_H2_54391_54412,000018F_DK2_H2.37
000019F_DK2_H1_95973_95995,000019F_DK2_H1.58
000019F_DK2_H2_96074_96096,000019F_DK2_H2.65
000019F_DK2_H2_104222_104246,000019F_DK2_H2.71
000019F_DK2_H2_134264_134285,000019F_DK2_H2.85
000019F_DK2_H2_135315_135339,000019F_DK2_H2.86
000019F_DK2_H2_135405_135427,000019F_DK2_H2.86
000021F_1-134709_DK2_H1_52332_52355,000021F_1-134709_DK2_H1.42
000021F_1-134709_DK2_H1_71110_71142,000021F_1-134709_DK2_H1.57
000021F_1-134709_DK2_H2_51935_51966,000021F_1-134709_DK2_H2.42
000022F_DK2_H1_93173_93195,000022F_DK2_H1.70
000022F_DK2_H1_93274_93299,000022F_DK2_H1.70
000022F_DK2_H2_128524_128548,000022F_DK2_H2.93
000023F_DK2_H1_127719_127739,000023F_DK2_H1.88
000023F_DK2_H2_22656_22684,000023F_DK2_H2.10
000023F_DK2_H2_35755_35782,000023F_DK2_H2.22
000023F_DK2_H2_36002_36026,000023F_DK2_H2.22
000023F_DK2_H2_55161_55184,000023F_DK2_H2.30
000023F_DK2_H2_85822_85894,000023F_DK2_H2.57
000023F_DK2_H2_86458_86481,000023F_DK2_H2.57
000024F_DK2_H1_30298_30320,000024F_DK2_H1.15
000024F_DK2_H1_91262_91283,000024F_DK2_H1.49
000024F_DK2_H1_104299_104322,000024F_DK2_H1.57
000024F_DK2_H1_120131_120155,000024F_DK2_H1.69
000024F_DK2_H1_120465_120493,000024F_DK2_H1.69
000024F_DK2_H1_120683_120705,000024F_DK2_H1.69
000024F_DK2_H1_120960_120986,000024F_DK2_H1.69
000024F_DK2_H1_127683_127702,000024F_DK2_H1.73
000024F_DK2_H2_61766_61798,000024F_DK2_H2.36
000024F_DK2_H2_62095_62155,000024F_DK2_H2.36
000024F_DK2_H2_92326_92355,000024F_DK2_H2.57
000025F_DK2_H1_15312_15338,000025F_DK2_H1.8
000025F_DK2_H1_75330_75354,000025F_DK2_H1.53
000026F_DK2_H1_39354_39376,000026F_DK2_H1.29
000026F_DK2_H1_112521_112581,000026F_DK2_H1.70
000026F_DK2_H1_112629_112655,000026F_DK2_H1.70
000026F_DK2_H1_117910_117942,000026F_DK2_H1.72
000027F_DK2_H1_96708_96729,000027F_DK2_H1.49
000027F_DK2_H1_97713_97735,000027F_DK2_H1.50
000027F_DK2_H1_102826_102850,000027F_DK2_H1.54
000027F_DK2_H2_19257_19279,000027F_DK2_H2.12
000029F_DK2_H2_15350_15376,000029F_DK2_H2.10
000029F_DK2_H2_112608_112636,000029F_DK2_H2.57
000030F_DK2_H1_93322_93347,000030F_DK2_H1.50
000030F_DK2_H1_109502_109527,000030F_DK2_H1.59
000030F_DK2_H2_86075_86105,000030F_DK2_H2.45
000030F_DK2_H2_116704_116726,000030F_DK2_H2.68
000031F_DK2_H1_36134_36166,000031F_DK2_H1.30
000031F_DK2_H1_73987_74006,000031F_DK2_H1.61
000031F_DK2_H1_121809_121845,000031F_DK2_H1.100
000031F_DK2_H2_64022_64050,000031F_DK2_H2.54
000032F_DK2_H2_12515_12539,000032F_DK2_H2.7
000032F_DK2_H2_13006_13034,000032F_DK2_H2.7
000032F_DK2_H2_19797_19820,000032F_DK2_H2.14
000033F_DK2_H2_11084_11103,000033F_DK2_H2.8
000035F_DK2_H1_3046_3081,000035F_DK2_H1.3
000035F_DK2_H2_13861_13886,000035F_DK2_H2.16
000036F_DK2_H2_6719_6738,000036F_DK2_H2.5
000037F_DK2_H1_103038_103076,000037F_DK2_H1.66
000037F_DK2_H1_128993_129015,000037F_DK2_H1.91
000037F_DK2_H2_30355_30375,000037F_DK2_H2.18
000038F_DK2_H1_30437_30461,000038F_DK2_H1.21
000038F_DK2_H1_51976_52001,000038F_DK2_H1.36
000038F_DK2_H1_97080_97123,000038F_DK2_H1.83
000038F_DK2_H1_115359_115383,000038F_DK2_H1.99
000038F_DK2_H2_47312_47336,000038F_DK2_H2.31
000039F_DK2_H1_53214_53236,000039F_DK2_H1.49
000040F_DK2_H1_85724_85748,000040F_DK2_H1.51
000040F_DK2_H1_90344_90366,000040F_DK2_H1.53
000041F_DK2_H1_32293_32318,000041F_DK2_H1.26
000041F_DK2_H1_69809_69839,000041F_DK2_H1.38
000041F_DK2_H2_94448_94468,000041F_DK2_H2.60
000042F_DK2_H1_71556_71585,000042F_DK2_H1.49
000042F_DK2_H2_85214_85240,000042F_DK2_H2.58
000042F_DK2_H2_94932_94952,000042F_DK2_H2.65
000043F_DK2_H1_106481_106501,000043F_DK2_H1.74
000043F_DK2_H2_69598_69620,000043F_DK2_H2.43
000044F_DK2_H1_91088_91118,000044F_DK2_H1.59
000046F_DK2_H2_32864_32887,000046F_DK2_H2.21
000047F_DK2_H1_26788_26808,000047F_DK2_H1.20
000047F_DK2_H1_30281_30303,000047F_DK2_H1.23
000047F_DK2_H1_30525_30544,000047F_DK2_H1.23
000047F_DK2_H1_30759_30781,000047F_DK2_H1.23
000047F_DK2_H1_32708_32734,000047F_DK2_H1.24
000047F_DK2_H1_90248_90271,000047F_DK2_H1.55
000047F_DK2_H2_55088_55120,000047F_DK2_H2.42
000048F_DK2_H1_78110_78135,000048F_DK2_H1.51
000048F_DK2_H1_86284_86312,000048F_DK2_H1.54
000048F_DK2_H2_3095_3120,000048F_DK2_H2.3
000049F_DK2_H1_37030_37054,000049F_DK2_H1.15
000049F_DK2_H1_78033_78062,000049F_DK2_H1.38
000049F_DK2_H2_95017_95040,000049F_DK2_H2.52
000049F_DK2_H2_95465_95489,000049F_DK2_H2.52
000049F_DK2_H2_106405_106432,000049F_DK2_H2.58
000051F_DK2_H1_39474_39505,000051F_DK2_H1.15
000051F_DK2_H1_105234_105256,000051F_DK2_H1.66
000052F_DK2_H2_102880_102905,000052F_DK2_H2.77
000052F_DK2_H2_103089_103108,000052F_DK2_H2.77
000052F_DK2_H2_103274_103305,000052F_DK2_H2.77
000053F_DK2_H1_74462_74484,000053F_DK2_H1.54
000053F_DK2_H2_50039_50060,000053F_DK2_H2.31
000055F_DK2_H1_1025_1044,000055F_DK2_H1.2
000055F_DK2_H1_13027_13055,000055F_DK2_H1.11
000055F_DK2_H1_32076_32123,000055F_DK2_H1.15
000055F_DK2_H1_32434_32462,000055F_DK2_H1.15
000056F_DK2_H1_70512_70537,000056F_DK2_H1.38
000056F_DK2_H1_87812_87834,000056F_DK2_H1.52
000056F_DK2_H1_109812_109842,000056F_DK2_H1.59
000057F_DK2_H2_27502_27524,000057F_DK2_H2.16
000057F_DK2_H2_27909_27943,000057F_DK2_H2.16
000057F_DK2_H2_104695_104722,000057F_DK2_H2.59
000058F_DK2_H1_3422_3451,000058F_DK2_H1.6
000058F_DK2_H1_26115_26148,000058F_DK2_H1.19
000058F_DK2_H1_103250_103274,000058F_DK2_H1.55
000059F_DK2_H1_69508_69529,000059F_DK2_H1.38
000060F_DK2_H1_4908_4930,000060F_DK2_H1.4
000061F_DK2_H1_4748_4772,000061F_DK2_H1.2
000061F_DK2_H1_55901_55928,000061F_DK2_H1.23
000061F_DK2_H1_63158_63180,000061F_DK2_H1.30
000061F_DK2_H2_138529_138556,000061F_DK2_H2.69
000062F_DK2_H1_33251_33275,000062F_DK2_H1.23
000062F_DK2_H1_50167_50190,000062F_DK2_H1.28
000063F_DK2_H1_20382_20413,000063F_DK2_H1.12
000063F_DK2_H1_20860_20886,000063F_DK2_H1.12
000063F_DK2_H2_46810_46844,000063F_DK2_H2.33
000064F_DK2_H2_46632_46659,000064F_DK2_H2.25
000064F_DK2_H2_46929_46953,000064F_DK2_H2.25
000064F_DK2_H2_47448_47476,000064F_DK2_H2.25
000064F_DK2_H2_79772_79795,000064F_DK2_H2.33
000067F_DK2_H2_16715_16743,000067F_DK2_H2.12
000067F_DK2_H2_17543_17562,000067F_DK2_H2.13
000067F_DK2_H2_69718_69747,000067F_DK2_H2.47
000067F_DK2_H2_70186_70212,000067F_DK2_H2.47
000067F_DK2_H2_106109_106136,000067F_DK2_H2.70
000067F_DK2_H2_110524_110546,000067F_DK2_H2.73
000068F_DK2_H2_38584_38608,000068F_DK2_H2.27
000068F_DK2_H2_90570_90598,000068F_DK2_H2.60
000068F_DK2_H2_127397_127419,000068F_DK2_H2.82
000069F_DK2_H1_48237_48257,000069F_DK2_H1.23
000069F_DK2_H1_105813_105840,000069F_DK2_H1.50
000069F_DK2_H1_106465_106484,000069F_DK2_H1.50
000071F_DK2_H1_17456_17495,000071F_DK2_H1.8
000071F_DK2_H1_40443_40465,000071F_DK2_H1.24
000071F_DK2_H1_81155_81178,000071F_DK2_H1.48
000071F_DK2_H1_104444_104469,000071F_DK2_H1.68
000072F_DK2_H1_2033_2058,000072F_DK2_H1.1
000072F_DK2_H1_76087_76115,000072F_DK2_H1.54
000072F_DK2_H2_63876_63900,000072F_DK2_H2.44
000072F_DK2_H2_101167_101198,000072F_DK2_H2.69
000073F_DK2_H1_104491_104510,000073F_DK2_H1.59
000073F_DK2_H2_89254_89282,000073F_DK2_H2.45
000074F_DK2_H1_26579_26610,000074F_DK2_H1.26
000074F_DK2_H1_62448_62484,000074F_DK2_H1.49
000074F_DK2_H1_68213_68267,000074F_DK2_H1.54
000074F_DK2_H2_24310_24332,000074F_DK2_H2.20
000074F_DK2_H2_84550_84573,000074F_DK2_H2.63
000075F_DK2_H1_52969_52989,000075F_DK2_H1.35
000075F_DK2_H1_81424_81446,000075F_DK2_H1.58
000075F_DK2_H2_53654_53694,000075F_DK2_H2.34
000075F_DK2_H2_70137_70160,000075F_DK2_H2.49
000075F_DK2_H2_96768_96790,000075F_DK2_H2.70
000076F_DK2_H1_74652_74674,000076F_DK2_H1.54
000078F_DK2_H1_31521_31543,000078F_DK2_H1.20
000078F_DK2_H2_10441_10467,000078F_DK2_H2.5
000078F_DK2_H2_26460_26486,000078F_DK2_H2.19
000078F_DK2_H2_27709_27749,000078F_DK2_H2.20
000078F_DK2_H2_110037_110058,000078F_DK2_H2.78
000079F_DK2_H1_34522_34546,000079F_DK2_H1.29
000080F_DK2_H2_6388_6413,000080F_DK2_H2.4
000081F_DK2_H2_8056_8081,000081F_DK2_H2.5
000081F_DK2_H2_20741_20763,000081F_DK2_H2.17
000081F_DK2_H2_33353_33380,000081F_DK2_H2.28
000081F_DK2_H2_33775_33798,000081F_DK2_H2.28
000081F_DK2_H2_37656_37686,000081F_DK2_H2.32
000081F_DK2_H2_72756_72777,000081F_DK2_H2.57
000081F_DK2_H2_88289_88311,000081F_DK2_H2.63
000083F_DK2_H1_8063_8089,000083F_DK2_H1.7
000083F_DK2_H1_62236_62269,000083F_DK2_H1.58
000083F_DK2_H1_79523_79542,000083F_DK2_H1.71
000083F_DK2_H1_81079_81101,000083F_DK2_H1.72
000083F_DK2_H1_92515_92534,000083F_DK2_H1.80
000084F_DK2_H2_58833_58855,000084F_DK2_H2.48
000084F_DK2_H2_61634_61655,000084F_DK2_H2.52
000084F_DK2_H2_95430_95460,000084F_DK2_H2.69
000085F_DK2_H1_19888_19911,000085F_DK2_H1.12
000085F_DK2_H1_71326_71355,000085F_DK2_H1.41
000085F_DK2_H1_74911_74936,000085F_DK2_H1.42
000085F_DK2_H2_68074_68115,000085F_DK2_H2.42
000086F_DK2_H2_2645_2670,000086F_DK2_H2.3
000086F_DK2_H2_27290_27312,000086F_DK2_H2.23
000088F_DK2_H1_35140_35164,000088F_DK2_H1.29
000088F_DK2_H1_60736_60763,000088F_DK2_H1.48
000088F_DK2_H2_58714_58736,000088F_DK2_H2.45
000089F_DK2_H2_56489_56510,000089F_DK2_H2.36
000090F_DK2_H1_28802_28829,000090F_DK2_H1.12
000090F_DK2_H1_28911_28938,000090F_DK2_H1.12
000090F_DK2_H1_32048_32078,000090F_DK2_H1.13
000090F_DK2_H1_75397_75425,000090F_DK2_H1.46
000090F_DK2_H1_75471_75496,000090F_DK2_H1.46
000090F_DK2_H1_75637_75658,000090F_DK2_H1.46
000090F_DK2_H1_75803_75829,000090F_DK2_H1.46
000090F_DK2_H1_76208_76238,000090F_DK2_H1.46
000090F_DK2_H2_64572_64597,000090F_DK2_H2.35
000091F_DK2_H1_13585_13603,000091F_DK2_H1.14
000092F_DK2_H2_33389_33412,000092F_DK2_H2.20
000094F_DK2_H2_65427_65458,000094F_DK2_H2.52
000094F_DK2_H2_73210_73232,000094F_DK2_H2.60
000095F_DK2_H2_32488_32510,000095F_DK2_H2.19
000096F_DK2_H1_54980_55000,000096F_DK2_H1.33
000096F_DK2_H2_58715_58773,000096F_DK2_H2.40
000097F_DK2_H2_102036_102071,000097F_DK2_H2.59
000099F_DK2_H1_5036_5060,000099F_DK2_H1.2
000099F_DK2_H1_56014_56039,000099F_DK2_H1.32
000099F_DK2_H1_70556_70575,000099F_DK2_H1.43
000099F_DK2_H2_57447_57470,000099F_DK2_H2.36
000100F_DK2_H1_74409_74428,000100F_DK2_H1.47
000100F_DK2_H1_74802_74827,000100F_DK2_H1.47
000100F_DK2_H1_85319_85352,000100F_DK2_H1.54
000100F_DK2_H1_91441_91464,000100F_DK2_H1.59
000100F_DK2_H2_2049_2072,000100F_DK2_H2.4
000100F_DK2_H2_42364_42385,000100F_DK2_H2.32
000100F_DK2_H2_42628_42650,000100F_DK2_H2.32
000100F_DK2_H2_74484_74503,000100F_DK2_H2.50
000102F_DK2_H2_74389_74417,000102F_DK2_H2.47
000103F_DK2_H2_92133_92153,000103F_DK2_H2.59
000104F_DK2_H2_27359_27383,000104F_DK2_H2.21
000104F_DK2_H2_49494_49516,000104F_DK2_H2.40
000105F_DK2_H1_33977_34001,000105F_DK2_H1.22
000105F_DK2_H1_61066_61090,000105F_DK2_H1.50
000106F_DK2_H1_68673_68704,000106F_DK2_H1.51
000106F_DK2_H1_85979_85999,000106F_DK2_H1.65
000106F_DK2_H2_26725_26747,000106F_DK2_H2.15
000106F_DK2_H2_28346_28370,000106F_DK2_H2.17
000106F_DK2_H2_28614_28642,000106F_DK2_H2.17
000106F_DK2_H2_28748_28774,000106F_DK2_H2.17
000107F_DK2_H1_105457_105478,000107F_DK2_H1.61
000107F_DK2_H1_158575_158609,000107F_DK2_H1.96
000107F_DK2_H1_158783_158806,000107F_DK2_H1.96
000107F_DK2_H2_112223_112248,000107F_DK2_H2.65
000108F_DK2_H1_9249_9269,000108F_DK2_H1.5
000108F_DK2_H1_9465_9490,000108F_DK2_H1.5
000109F_DK2_H2_87024_87046,000109F_DK2_H2.47
000111F_DK2_H2_3540_3560,000111F_DK2_H2.1
000112F_DK2_H2_85702_85724,000112F_DK2_H2.54
000113F_DK2_H1_21206_21234,000113F_DK2_H1.16
000113F_DK2_H1_35866_35892,000113F_DK2_H1.27
000113F_DK2_H1_65564_65603,000113F_DK2_H1.41
000113F_DK2_H1_65645_65669,000113F_DK2_H1.41
000113F_DK2_H1_65771_65794,000113F_DK2_H1.41
000113F_DK2_H1_65892_65920,000113F_DK2_H1.41
000113F_DK2_H1_66298_66320,000113F_DK2_H1.42
000114F_DK2_H1_48771_48803,000114F_DK2_H1.40
000114F_DK2_H1_73955_73974,000114F_DK2_H1.59
000115F_DK2_H1_49296_49319,000115F_DK2_H1.32
000115F_DK2_H1_49457_49483,000115F_DK2_H1.32
000116F_DK2_H1_43766_43804,000116F_DK2_H1.20
000120F_DK2_H1_55894_55915,000120F_DK2_H1.24
000123F_DK2_H1_58372_58393,000123F_DK2_H1.29
000124F_DK2_H1_55691_55710,000124F_DK2_H1.41
000126F_DK2_H1_119735_119754,000126F_DK2_H1.78
000127F_DK2_H2_34659_34683,000127F_DK2_H2.29
000127F_DK2_H2_35512_35532,000127F_DK2_H2.30
000128F_DK2_H1_63495_63518,000128F_DK2_H1.41
000128F_DK2_H2_62690_62722,000128F_DK2_H2.41
000129F_DK2_H1_59467_59486,000129F_DK2_H1.21
000129F_DK2_H2_64893_64914,000129F_DK2_H2.21
000130F_DK2_H1_17147_17174,000130F_DK2_H1.15
000130F_DK2_H1_27990_28021,000130F_DK2_H1.24
000130F_DK2_H1_74138_74161,000130F_DK2_H1.51
000131F_DK2_H1_12211_12234,000131F_DK2_H1.11
000132F_DK2_H1_10903_10929,000132F_DK2_H1.9
000132F_DK2_H1_23785_23807,000132F_DK2_H1.15
000132F_DK2_H1_50542_50561,000132F_DK2_H1.39
000132F_DK2_H1_55661_55683,000132F_DK2_H1.44
000132F_DK2_H1_55794_55819,000132F_DK2_H1.44
000132F_DK2_H1_64172_64197,000132F_DK2_H1.50
000132F_DK2_H2_8591_8609,000132F_DK2_H2.5
000133F_DK2_H1_62533_62555,000133F_DK2_H1.35
000134F_DK2_H1_68113_68140,000134F_DK2_H1.39
000135F_DK2_H1_60510_60535,000135F_DK2_H1.40
000138F_DK2_H1_39164_39188,000138F_DK2_H1.26
000139F_DK2_H1_6667_6692,000139F_DK2_H1.5
000139F_DK2_H1_52154_52174,000139F_DK2_H1.41
000139F_DK2_H1_52534_52577,000139F_DK2_H1.41
000142F_DK2_H2_26330_26349,000142F_DK2_H2.16
000145F_DK2_H1_35256_35276,000145F_DK2_H1.30
000145F_DK2_H2_21629_21660,000145F_DK2_H2.22
000146F_DK2_H1_62882_62904,000146F_DK2_H1.24
000146F_DK2_H2_8046_8068,000146F_DK2_H2.2
000147F_DK2_H2_29271_29295,000147F_DK2_H2.12
000148F_DK2_H1_113820_113839,000148F_DK2_H1.81
000148F_DK2_H2_60962_60984,000148F_DK2_H2.39
000148F_DK2_H2_89596_89615,000148F_DK2_H2.62
000148F_DK2_H2_102633_102657,000148F_DK2_H2.70
000149F_DK2_H1_21196_21216,000149F_DK2_H1.13
000150F_DK2_H2_4392_4419,000150F_DK2_H2.4
000151F_DK2_H1_26769_26788,000151F_DK2_H1.19
000151F_DK2_H2_10904_10927,000151F_DK2_H2.10
000152F_DK2_H2_37545_37568,000152F_DK2_H2.22
000153F_DK2_H1_61418_61444,000153F_DK2_H1.29
000154F_DK2_H1_45988_46010,000154F_DK2_H1.20
000154F_DK2_H2_1843_1868,000154F_DK2_H2.1
000154F_DK2_H2_4831_4858,000154F_DK2_H2.3
000155F_DK2_H1_35671_35698,000155F_DK2_H1.26
000157F_DK2_H1_2285_2307,000157F_DK2_H1.2
000159F_DK2_H1_53993_54015,000159F_DK2_H1.41
000159F_DK2_H2_14483_14517,000159F_DK2_H2.7
000163F_DK2_H1_41282_41306,000163F_DK2_H1.32
000163F_DK2_H1_41426_41453,000163F_DK2_H1.32
000165F_DK2_H2_43789_43813,000165F_DK2_H2.26
000165F_DK2_H2_64198_64222,000165F_DK2_H2.40
000167F_DK2_H2_18347_18370,000167F_DK2_H2.13
000168F_DK2_H1_8548_8570,000168F_DK2_H1.10
000168F_DK2_H1_21075_21096,000168F_DK2_H1.19
000168F_DK2_H1_23808_23838,000168F_DK2_H1.23
000168F_DK2_H1_24218_24243,000168F_DK2_H1.23
000169F_DK2_H1_8094_8117,000169F_DK2_H1.7
000169F_DK2_H1_48338_48360,000169F_DK2_H1.42
000169F_DK2_H2_8091_8114,000169F_DK2_H2.6
000170F_DK2_H1_10023_10060,000170F_DK2_H1.6
000171F_DK2_H1_6491_6512,000171F_DK2_H1.5
000171F_DK2_H2_6553_6574,000171F_DK2_H2.7
000171F_DK2_H2_18219_18241,000171F_DK2_H2.16
000174F_DK2_H2_15392_15416,000174F_DK2_H2.9
000175F_DK2_H2_49879_49903,000175F_DK2_H2.27
000175F_DK2_H2_59341_59360,000175F_DK2_H2.36
000176F_DK2_H1_23317_23341,000176F_DK2_H1.16
000176F_DK2_H1_53449_53471,000176F_DK2_H1.39
000176F_DK2_H2_8133_8155,000176F_DK2_H2.8
000177F_DK2_H2_18993_19032,000177F_DK2_H2.12
000177F_DK2_H2_19467_19492,000177F_DK2_H2.12
000179F_DK2_H2_34342_34366,000179F_DK2_H2.28
000181F_DK2_H1_30660_30681,000181F_DK2_H1.22
000182F_DK2_H1_42949_42970,000182F_DK2_H1.36
000182F_DK2_H2_45007_45028,000182F_DK2_H2.35
000182F_DK2_H2_45260_45281,000182F_DK2_H2.35
000185F_DK2_H2_7046_7065,000185F_DK2_H2.5
000185F_DK2_H2_8617_8636,000185F_DK2_H2.7
000185F_DK2_H2_19491_19516,000185F_DK2_H2.17
000187F_DK2_H2_40089_40111,000187F_DK2_H2.28
000187F_DK2_H2_50524_50551,000187F_DK2_H2.36
000192F_23762-60009_DK2_H2_22215_22243,000192F_23762-60009_DK2_H2.9
000192F_23762-60009_DK2_H2_30388_30406,000192F_23762-60009_DK2_H2.17
000193F_DK2_H1_60735_60756,000193F_DK2_H1.42
000195F_DK2_H1_2662_2686,000195F_DK2_H1.3
000195F_DK2_H1_14236_14259,000195F_DK2_H1.7
000195F_DK2_H2_28282_28304,000195F_DK2_H2.13
000196F_DK2_H2_40137_40165,000196F_DK2_H2.24
000197F_DK2_H2_13965_13988,000197F_DK2_H2.6
000200F_DK2_H2_10861_10884,000200F_DK2_H2.7
000200F_DK2_H2_20996_21041,000200F_DK2_H2.15
000200F_DK2_H2_43176_43197,000200F_DK2_H2.32
000201F_DK2_H1_19928_19956,000201F_DK2_H1.14
000201F_DK2_H1_28190_28219,000201F_DK2_H1.22
000201F_DK2_H1_44346_44364,000201F_DK2_H1.34
000202F_DK2_H1_1898_1921,000202F_DK2_H1.1
000202F_DK2_H1_23174_23197,000202F_DK2_H1.16
000203F_DK2_H2_42002_42027,000203F_DK2_H2.34
000204F_DK2_H2_46702_46726,000204F_DK2_H2.31
000209F_DK2_H1_54933_54959,000209F_DK2_H1.42
000214F_DK2_H1_5867_5888,000214F_DK2_H1.4
000226F_DK2_H1_15253_15280,000226F_DK2_H1.8
000228F_DK2_H2_37592_37618,000228F_DK2_H2.27
000229F_DK2_H1_23482_23504,000229F_DK2_H1.19
000231F_DK2_H2_29482_29501,000231F_DK2_H2.20
000232F_DK2_H1_1366_1391,000232F_DK2_H1.3
000232F_DK2_H1_6262_6284,000232F_DK2_H1.5
000235F_DK2_H1_37624_37651,000235F_DK2_H1.24
000235F_DK2_H1_37711_37741,000235F_DK2_H1.24
000236F_DK2_H1_26885_26915,000236F_DK2_H1.13
000236F_DK2_H2_27343_27367,000236F_DK2_H2.13
000237F_DK2_H1_4232_4258,000237F_DK2_H1.4
000239F_DK2_H1_23449_23471,000239F_DK2_H1.7
000241F_DK2_H1_32836_32863,000241F_DK2_H1.21
000241F_DK2_H2_34360_34383,000241F_DK2_H2.25
000241F_DK2_H2_40806_40827,000241F_DK2_H2.29
000243F_DK2_H2_20058_20100,000243F_DK2_H2.12
000243F_DK2_H2_20216_20255,000243F_DK2_H2.12
000244F_DK2_H2_27449_27478,000244F_DK2_H2.20
000246F_DK2_H2_19009_19041,000246F_DK2_H2.16
000247F_DK2_H2_11724_11744,000247F_DK2_H2.12
000247F_DK2_H2_39696_39718,000247F_DK2_H2.32
000250F_DK2_H2_33190_33213,000250F_DK2_H2.17
000250F_DK2_H2_39199_39227,000250F_DK2_H2.22
000261F_DK2_H2_9307_9339,000261F_DK2_H2.8
000263F_DK2_H2_34909_34928,000263F_DK2_H2.24
000265F_DK2_H1_17544_17563,000265F_DK2_H1.13
000265F_DK2_H1_18299_18319,000265F_DK2_H1.14
000265F_DK2_H2_16502_16526,000265F_DK2_H2.9
000266F_DK2_H1_32491_32518,000266F_DK2_H1.20
000273F_DK2_H1_12553_12577,000273F_DK2_H1.7
000278F_DK2_H2_7563_7585,000278F_DK2_H2.4
000279F_DK2_H1_33244_33268,000279F_DK2_H1.16
000295F_DK2_H1_10417_10440,000295F_DK2_H1.6
000296F_DK2_H1_5469_5496,000296F_DK2_H1.3
000297F_DK2_H1_3430_3450,000297F_DK2_H1.3
000302F_DK2_H2_8816_8853,000302F_DK2_H2.7
000305F_DK2_H1_26283_26303,000305F_DK2_H1.18
000305F_DK2_H1_36197_36217,000305F_DK2_H1.22
000312F_DK2_H1_2694_2713,000312F_DK2_H1.3
000312F_DK2_H2_11434_11458,000312F_DK2_H2.12
000329F_DK2_H1_20695_20716,000329F_DK2_H1.13
000331F_DK2_H2_2412_2436,000331F_DK2_H2.1
000331F_DK2_H2_6418_6444,000331F_DK2_H2.4
000337F_DK2_H2_16456_16480,000337F_DK2_H2.13
000340F_DK2_H1_17813_17836,000340F_DK2_H1.8
000342F_DK2_H2_18298_18325,000342F_DK2_H2.17
000342F_DK2_H2_30799_30823,000342F_DK2_H2.27
000353F_DK2_H1_7187_7205,000353F_DK2_H1.5
000353F_DK2_H2_7182_7207,000353F_DK2_H2.3
000355F_DK2_H2_14485_14513,000355F_DK2_H2.10
000357F_DK2_H2_17922_17946,000357F_DK2_H2.10
000370F_DK2_H2_15249_15277,000370F_DK2_H2.15
000374F_DK2_H1_9550_9577,000374F_DK2_H1.7
000381F_DK2_H1_12966_13039,000381F_DK2_H1.6
000383F_DK2_H1_1776_1840,000383F_DK2_H1.1
000383F_DK2_H1_2195_2215,000383F_DK2_H1.1
000383F_DK2_H2_7560_7588,000383F_DK2_H2.6
000385F_DK2_H1_5035_5063,000385F_DK2_H1.2
000385F_DK2_H1_19339_19362,000385F_DK2_H1.11
000385F_DK2_H1_19466_19487,000385F_DK2_H1.11
000386F_DK2_H1_3465_3487,000386F_DK2_H1.4
000390F_DK2_H1_21859_21878,000390F_DK2_H1.17
000395F_DK2_H1_3863_3885,000395F_DK2_H1.2
000422F_DK2_H1_10414_10440,000422F_DK2_H1.5
000431F_DK2_H2_8344_8366,000431F_DK2_H2.4
000432F_DK2_H1_11739_11761,000432F_DK2_H1.3
000435F_DK2_H1_4876_4910,000435F_DK2_H1.2
000441F_DK2_H1_6075_6094,000441F_DK2_H1.7
000442F_DK2_H1_10383_10408,000442F_DK2_H1.7
000442F_DK2_H2_15210_15232,000442F_DK2_H2.11
000446F_DK2_H2_6447_6471,000446F_DK2_H2.3
000446F_DK2_H2_12682_12726,000446F_DK2_H2.8
000451F_DK2_H2_6460_6487,000451F_DK2_H2.2
000452F_1-5088_DK2_H2_4526_4547,000452F_1-5088_DK2_H2.3
000466F_DK2_H2_7605_7633,000466F_DK2_H2.4
000466F_DK2_H2_8541_8560,000466F_DK2_H2.4
000468F_DK2_H1_4930_4954,000468F_DK2_H1.5
000470F_DK2_H2_7261_7296,000470F_DK2_H2.9
000470F_DK2_H2_7513_7541,000470F_DK2_H2.9
000499F_DK2_H1_21659_21679,000499F_DK2_H1.14
000501F_DK2_H1_14265_14296,000501F_DK2_H1.4
000513F_DK2_H2_3291_3316,000513F_DK2_H2.3
000565F_DK2_H1_11182_11205,000565F_DK2_H1.6
000594F_DK2_H1_8047_8070,000594F_DK2_H1.5
000000F_DK2_H1_60692_60720,000000F_DK2_H1.39
000000F_DK2_H1_99612_99646,000000F_DK2_H1.61
000000F_DK2_H2_202846_202867,000000F_DK2_H2.94
000001F_DK2_H2_63401_63423,000001F_DK2_H2.20
000001F_DK2_H2_87510_87535,000001F_DK2_H2.28
000001F_DK2_H2_178359_178383,000001F_DK2_H2.82
000001F_DK2_H2_184795_184818,000001F_DK2_H2.89
000002F_DK2_H1_100119_100140,000002F_DK2_H1.52
000002F_DK2_H1_122478_122502,000002F_DK2_H1.60
000002F_DK2_H1_122838_122861,000002F_DK2_H1.60
000002F_DK2_H1_171596_171618,000002F_DK2_H1.89
000002F_DK2_H1_176805_176829,000002F_DK2_H1.92
000002F_DK2_H2_141533_141562,000002F_DK2_H2.81
000003F_DK2_H2_92688_92713,000003F_DK2_H2.55
000003F_DK2_H2_97485_97511,000003F_DK2_H2.60
000003F_DK2_H2_97720_97745,000003F_DK2_H2.60
000004F_DK2_H1_154050_154077,000004F_DK2_H1.88
000004F_DK2_H2_81433_81477,000004F_DK2_H2.55
000004F_DK2_H2_81980_82003,000004F_DK2_H2.55
000004F_DK2_H2_84532_84557,000004F_DK2_H2.57
000005F_DK2_H1_95232_95256,000005F_DK2_H1.59
000005F_DK2_H2_102653_102679,000005F_DK2_H2.69
000006F_DK2_H2_129442_129465,000006F_DK2_H2.70
000007F_DK2_H1_28811_28837,000007F_DK2_H1.11
000007F_DK2_H1_80933_80956,000007F_DK2_H1.43
000007F_DK2_H1_131379_131404,000007F_DK2_H1.77
000007F_DK2_H1_133519_133543,000007F_DK2_H1.81
000007F_DK2_H1_133700_133722,000007F_DK2_H1.81
000007F_DK2_H1_139208_139251,000007F_DK2_H1.85
000007F_DK2_H2_42016_42039,000007F_DK2_H2.23
000008F_DK2_H1_106795_106817,000008F_DK2_H1.76
000008F_DK2_H2_92442_92476,000008F_DK2_H2.60
000009F_DK2_H1_81982_82006,000009F_DK2_H1.47
000009F_DK2_H1_122547_122576,000009F_DK2_H1.69
000009F_DK2_H2_120524_120559,000009F_DK2_H2.67
000009F_DK2_H2_120590_120624,000009F_DK2_H2.67
000010F_DK2_H1_18355_18374,000010F_DK2_H1.13
000010F_DK2_H1_116707_116735,000010F_DK2_H1.81
000010F_DK2_H2_128236_128266,000010F_DK2_H2.91
000011F_DK2_H1_135945_135964,000011F_DK2_H1.98
000011F_DK2_H2_19698_19720,000011F_DK2_H2.13
000012F_DK2_H2_105576_105603,000012F_DK2_H2.87
000012F_DK2_H2_105913_105938,000012F_DK2_H2.87
000013F_DK2_H1_15892_15910,000013F_DK2_H1.13
000013F_DK2_H1_37307_37330,000013F_DK2_H1.31
000013F_DK2_H2_122059_122077,000013F_DK2_H2.76
000014F_DK2_H1_1351_1373,000014F_DK2_H1.1
000014F_DK2_H1_4247_4274,000014F_DK2_H1.1
000014F_DK2_H1_25849_25872,000014F_DK2_H1.17
000014F_DK2_H1_89219_89244,000014F_DK2_H1.52
000014F_DK2_H1_151946_151967,000014F_DK2_H1.94
000014F_DK2_H1_154624_154642,000014F_DK2_H1.97
000014F_DK2_H1_155029_155051,000014F_DK2_H1.98
000014F_DK2_H1_155693_155721,000014F_DK2_H1.98
000015F_DK2_H1_141430_141448,000015F_DK2_H1.81
000015F_DK2_H2_55222_55243,000015F_DK2_H2.28
000015F_DK2_H2_59894_59927,000015F_DK2_H2.31
000016F_DK2_H1_45354_45374,000016F_DK2_H1.27
000016F_DK2_H1_45832_45856,000016F_DK2_H1.28
000016F_DK2_H1_118499_118524,000016F_DK2_H1.74
000017F_DK2_H1_90656_90677,000017F_DK2_H1.61
000017F_DK2_H1_104216_104235,000017F_DK2_H1.70
000017F_DK2_H2_63321_63347,000017F_DK2_H2.36
000017F_DK2_H2_86350_86378,000017F_DK2_H2.47
000019F_DK2_H2_81528_81550,000019F_DK2_H2.50
000019F_DK2_H2_82337_82360,000019F_DK2_H2.51
000019F_DK2_H2_123767_123791,000019F_DK2_H2.79
000019F_DK2_H2_136552_136573,000019F_DK2_H2.87
000019F_DK2_H2_139479_139500,000019F_DK2_H2.90
000021F_1-134709_DK2_H1_57005_57027,000021F_1-134709_DK2_H1.45
000021F_1-134709_DK2_H1_57756_57783,000021F_1-134709_DK2_H1.45
000022F_DK2_H1_83732_83756,000022F_DK2_H1.60
000022F_DK2_H1_114961_114986,000022F_DK2_H1.86
000022F_DK2_H2_111187_111214,000022F_DK2_H2.81
000022F_DK2_H2_112913_112935,000022F_DK2_H2.82
000023F_DK2_H1_123512_123537,000023F_DK2_H1.86
000024F_DK2_H1_119104_119132,000024F_DK2_H1.68
000024F_DK2_H1_119686_119714,000024F_DK2_H1.68
000024F_DK2_H2_54432_54459,000024F_DK2_H2.29
000024F_DK2_H2_67097_67119,000024F_DK2_H2.41
000025F_DK2_H2_137953_137975,000025F_DK2_H2.84
000026F_DK2_H1_8015_8044,000026F_DK2_H1.7
000026F_DK2_H1_108760_108782,000026F_DK2_H1.65
000027F_DK2_H1_76953_76975,000027F_DK2_H1.37
000027F_DK2_H2_22522_22545,000027F_DK2_H2.15
000027F_DK2_H2_71398_71423,000027F_DK2_H2.36
000027F_DK2_H2_77979_77999,000027F_DK2_H2.41
000028F_DK2_H1_72308_72330,000028F_DK2_H1.45
000028F_DK2_H1_72451_72473,000028F_DK2_H1.45
000028F_DK2_H1_72624_72647,000028F_DK2_H1.45
000028F_DK2_H1_97213_97235,000028F_DK2_H1.59
000028F_DK2_H2_13454_13477,000028F_DK2_H2.4
000029F_DK2_H2_29397_29416,000029F_DK2_H2.20
000031F_DK2_H1_35410_35435,000031F_DK2_H1.28
000031F_DK2_H2_124409_124434,000031F_DK2_H2.99
000032F_DK2_H2_9818_9840,000032F_DK2_H2.5
000033F_DK2_H2_62279_62303,000033F_DK2_H2.42
000033F_DK2_H2_111312_111341,000033F_DK2_H2.79
000033F_DK2_H2_120147_120172,000033F_DK2_H2.85
000035F_DK2_H1_60728_60757,000035F_DK2_H1.37
000035F_DK2_H1_89761_89780,000035F_DK2_H1.52
000035F_DK2_H1_101459_101480,000035F_DK2_H1.60
000036F_DK2_H1_36926_36953,000036F_DK2_H1.29
000036F_DK2_H1_75880_75903,000036F_DK2_H1.58
000036F_DK2_H2_110835_110853,000036F_DK2_H2.65
000037F_DK2_H2_36746_36771,000037F_DK2_H2.24
000037F_DK2_H2_36857_36878,000037F_DK2_H2.24
000037F_DK2_H2_83178_83199,000037F_DK2_H2.52
000037F_DK2_H2_104829_104849,000037F_DK2_H2.65
000037F_DK2_H2_113804_113827,000037F_DK2_H2.71
000037F_DK2_H2_113949_113975,000037F_DK2_H2.71
000038F_DK2_H2_82481_82509,000038F_DK2_H2.64
000038F_DK2_H2_82729_82748,000038F_DK2_H2.64
000038F_DK2_H2_101536_101555,000038F_DK2_H2.82
000039F_DK2_H1_9097_9120,000039F_DK2_H1.7
000039F_DK2_H1_34783_34805,000039F_DK2_H1.34
000040F_DK2_H1_38261_38283,000040F_DK2_H1.22
000040F_DK2_H1_41351_41374,000040F_DK2_H1.24
000040F_DK2_H1_77031_77064,000040F_DK2_H1.45
000040F_DK2_H1_77627_77652,000040F_DK2_H1.45
000040F_DK2_H2_79963_79987,000040F_DK2_H2.55
000041F_DK2_H1_19861_19883,000041F_DK2_H1.17
000041F_DK2_H1_107974_107996,000041F_DK2_H1.69
000042F_DK2_H1_46498_46522,000042F_DK2_H1.26
000042F_DK2_H2_34358_34380,000042F_DK2_H2.20
000042F_DK2_H2_46651_46676,000042F_DK2_H2.28
000043F_DK2_H1_64827_64855,000043F_DK2_H1.46
000044F_DK2_H1_97552_97576,000044F_DK2_H1.64
000044F_DK2_H2_76434_76458,000044F_DK2_H2.36
000045F_DK2_H2_90108_90133,000045F_DK2_H2.49
000047F_DK2_H1_41831_41850,000047F_DK2_H1.30
000047F_DK2_H1_44524_44543,000047F_DK2_H1.32
000047F_DK2_H1_68339_68360,000047F_DK2_H1.46
000047F_DK2_H1_87542_87567,000047F_DK2_H1.52
000047F_DK2_H1_87727_87751,000047F_DK2_H1.52
000047F_DK2_H1_87963_87986,000047F_DK2_H1.52
000047F_DK2_H2_7235_7263,000047F_DK2_H2.5
000048F_DK2_H2_1584_1608,000048F_DK2_H2.1
000048F_DK2_H2_65693_65718,000048F_DK2_H2.41
000048F_DK2_H2_65852_65876,000048F_DK2_H2.41
000048F_DK2_H2_67397_67421,000048F_DK2_H2.42
000049F_DK2_H1_6479_6504,000049F_DK2_H1.5
000049F_DK2_H1_63062_63087,000049F_DK2_H1.26
000050F_DK2_H1_27996_28015,000050F_DK2_H1.18
000051F_DK2_H2_103428_103450,000051F_DK2_H2.67
000053F_DK2_H2_109129_109152,000053F_DK2_H2.69
000054F_DK2_H2_88993_89017,000054F_DK2_H2.50
000055F_DK2_H1_4113_4135,000055F_DK2_H1.5
000056F_DK2_H1_17923_17947,000056F_DK2_H1.5
000057F_DK2_H1_14941_14966,000057F_DK2_H1.3
000057F_DK2_H1_109858_109878,000057F_DK2_H1.61
000057F_DK2_H2_56872_56895,000057F_DK2_H2.36
000058F_DK2_H1_53105_53132,000058F_DK2_H1.39
000058F_DK2_H2_36618_36643,000058F_DK2_H2.25
000061F_DK2_H1_58530_58550,000061F_DK2_H1.27
000061F_DK2_H1_143856_143880,000061F_DK2_H1.75
000061F_DK2_H1_144307_144334,000061F_DK2_H1.75
000061F_DK2_H1_148584_148609,000061F_DK2_H1.78
000061F_DK2_H1_149235_149257,000061F_DK2_H1.78
000061F_DK2_H2_56811_56834,000061F_DK2_H2.25
000061F_DK2_H2_65022_65053,000061F_DK2_H2.33
000062F_DK2_H1_30711_30733,000062F_DK2_H1.20
000062F_DK2_H2_98974_98998,000062F_DK2_H2.56
000063F_DK2_H1_9920_9947,000063F_DK2_H1.3
000063F_DK2_H1_12016_12039,000063F_DK2_H1.5
000063F_DK2_H1_40320_40339,000063F_DK2_H1.25
000063F_DK2_H2_29535_29557,000063F_DK2_H2.21
000064F_DK2_H2_91040_91066,000064F_DK2_H2.41
000066F_DK2_H1_32653_32696,000066F_DK2_H1.32
000066F_DK2_H1_66499_66524,000066F_DK2_H1.53
000066F_DK2_H2_4180_4205,000066F_DK2_H2.4
000066F_DK2_H2_17516_17544,000066F_DK2_H2.19
000070F_DK2_H1_40310_40346,000070F_DK2_H1.25
000071F_DK2_H1_22177_22203,000071F_DK2_H1.12
000071F_DK2_H1_83486_83505,000071F_DK2_H1.49
000071F_DK2_H1_103666_103688,000071F_DK2_H1.67
000072F_DK2_H2_60334_60363,000072F_DK2_H2.41
000072F_DK2_H2_97836_97855,000072F_DK2_H2.65
000072F_DK2_H2_98355_98380,000072F_DK2_H2.65
000073F_DK2_H1_96734_96756,000073F_DK2_H1.54
000074F_DK2_H1_14095_14115,000074F_DK2_H1.12
000074F_DK2_H1_29665_29686,000074F_DK2_H1.28
000074F_DK2_H1_55528_55547,000074F_DK2_H1.44
000074F_DK2_H1_75660_75682,000074F_DK2_H1.57
000074F_DK2_H1_104558_104580,000074F_DK2_H1.71
000075F_DK2_H1_3034_3062,000075F_DK2_H1.2
000075F_DK2_H1_86659_86684,000075F_DK2_H1.63
000076F_DK2_H1_94796_94817,000076F_DK2_H1.65
000078F_DK2_H2_70376_70409,000078F_DK2_H2.51
000078F_DK2_H2_74235_74260,000078F_DK2_H2.54
000078F_DK2_H2_110996_111024,000078F_DK2_H2.79
000078F_DK2_H2_111059_111078,000078F_DK2_H2.79
000078F_DK2_H2_113676_113698,000078F_DK2_H2.83
000078F_DK2_H2_113811_113840,000078F_DK2_H2.83
000078F_DK2_H2_115499_115534,000078F_DK2_H2.85
000080F_DK2_H2_1983_2002,000080F_DK2_H2.1
000080F_DK2_H2_81689_81719,000080F_DK2_H2.45
000081F_DK2_H1_13543_13562,000081F_DK2_H1.8
000081F_DK2_H1_47140_47161,000081F_DK2_H1.40
000081F_DK2_H1_83022_83045,000081F_DK2_H1.54
000081F_DK2_H2_44695_44716,000081F_DK2_H2.41
000081F_DK2_H2_65591_65614,000081F_DK2_H2.55
000082F_DK2_H1_27578_27603,000082F_DK2_H1.13
000082F_DK2_H2_44807_44836,000082F_DK2_H2.31
000082F_DK2_H2_44904_44925,000082F_DK2_H2.31
000083F_DK2_H1_103128_103152,000083F_DK2_H1.88
000083F_DK2_H2_100118_100138,000083F_DK2_H2.73
000083F_DK2_H2_100504_100527,000083F_DK2_H2.73
000085F_DK2_H1_10546_10571,000085F_DK2_H1.3
000085F_DK2_H1_35309_35332,000085F_DK2_H1.21
000085F_DK2_H1_107697_107719,000085F_DK2_H1.73
000085F_DK2_H2_35611_35633,000085F_DK2_H2.24
000085F_DK2_H2_37678_37702,000085F_DK2_H2.25
000085F_DK2_H2_51235_51257,000085F_DK2_H2.33
000086F_DK2_H2_14412_14433,000086F_DK2_H2.14
000086F_DK2_H2_14650_14675,000086F_DK2_H2.14
000086F_DK2_H2_14809_14830,000086F_DK2_H2.14
000088F_DK2_H1_86547_86566,000088F_DK2_H1.69
000089F_DK2_H1_6123_6145,000089F_DK2_H1.4
000089F_DK2_H2_22914_22936,000089F_DK2_H2.19
000090F_DK2_H1_4649_4671,000090F_DK2_H1.3
000090F_DK2_H1_4897_4921,000090F_DK2_H1.3
000090F_DK2_H1_5851_5873,000090F_DK2_H1.4
000091F_DK2_H1_74336_74356,000091F_DK2_H1.46
000091F_DK2_H2_35270_35292,000091F_DK2_H2.25
000092F_DK2_H2_28933_28959,000092F_DK2_H2.16
000092F_DK2_H2_45244_45268,000092F_DK2_H2.28
000092F_DK2_H2_60788_60810,000092F_DK2_H2.39
000093F_DK2_H1_28820_28841,000093F_DK2_H1.28
000093F_DK2_H1_29257_29283,000093F_DK2_H1.28
000094F_DK2_H1_88377_88397,000094F_DK2_H1.65
000094F_DK2_H1_89587_89632,000094F_DK2_H1.65
000094F_DK2_H2_62575_62600,000094F_DK2_H2.49
000095F_DK2_H1_34655_34675,000095F_DK2_H1.23
000096F_DK2_H2_37345_37364,000096F_DK2_H2.22
000096F_DK2_H2_48046_48071,000096F_DK2_H2.29
000097F_DK2_H2_87986_88034,000097F_DK2_H2.48
000097F_DK2_H2_96184_96216,000097F_DK2_H2.55
000098F_DK2_H1_26902_26921,000098F_DK2_H1.19
000098F_DK2_H1_32473_32496,000098F_DK2_H1.23
000098F_DK2_H1_32739_32760,000098F_DK2_H1.23
000098F_DK2_H2_20694_20718,000098F_DK2_H2.15
000098F_DK2_H2_20819_20849,000098F_DK2_H2.15
000099F_DK2_H1_58272_58294,000099F_DK2_H1.34
000099F_DK2_H1_96110_96130,000099F_DK2_H1.59
000099F_DK2_H2_83574_83599,000099F_DK2_H2.56
000099F_DK2_H2_96725_96750,000099F_DK2_H2.67
000100F_DK2_H2_28111_28135,000100F_DK2_H2.21
000100F_DK2_H2_65382_65411,000100F_DK2_H2.40
000101F_DK2_H1_25392_25419,000101F_DK2_H1.19
000101F_DK2_H1_67941_67970,000101F_DK2_H1.51
000101F_DK2_H1_89552_89572,000101F_DK2_H1.53
000102F_DK2_H2_29236_29270,000102F_DK2_H2.18
000103F_DK2_H2_54810_54830,000103F_DK2_H2.33
000103F_DK2_H2_59334_59357,000103F_DK2_H2.35
000104F_DK2_H2_12504_12525,000104F_DK2_H2.8
000104F_DK2_H2_81774_81800,000104F_DK2_H2.61
000104F_DK2_H2_81997_82019,000104F_DK2_H2.61
000107F_DK2_H1_65066_65085,000107F_DK2_H1.34
000107F_DK2_H2_19667_19689,000107F_DK2_H2.6
000107F_DK2_H2_107047_107069,000107F_DK2_H2.61
000107F_DK2_H2_116254_116279,000107F_DK2_H2.68
000107F_DK2_H2_128112_128134,000107F_DK2_H2.74
000107F_DK2_H2_128436_128459,000107F_DK2_H2.74
000107F_DK2_H2_131426_131446,000107F_DK2_H2.75
000107F_DK2_H2_131663_131682,000107F_DK2_H2.76
000107F_DK2_H2_156187_156211,000107F_DK2_H2.88
000108F_DK2_H1_40348_40372,000108F_DK2_H1.18
000108F_DK2_H1_78113_78142,000108F_DK2_H1.34
000108F_DK2_H1_78672_78692,000108F_DK2_H1.34
000108F_DK2_H2_52777_52799,000108F_DK2_H2.22
000109F_DK2_H1_53878_53906,000109F_DK2_H1.35
000109F_DK2_H1_78353_78374,000109F_DK2_H1.46
000109F_DK2_H2_88769_88791,000109F_DK2_H2.48
000112F_DK2_H1_74276_74300,000112F_DK2_H1.59
000112F_DK2_H2_12428_12454,000112F_DK2_H2.9
000112F_DK2_H2_12482_12505,000112F_DK2_H2.9
000113F_DK2_H2_44731_44756,000113F_DK2_H2.28
000113F_DK2_H2_45065_45092,000113F_DK2_H2.28
000113F_DK2_H2_52397_52417,000113F_DK2_H2.31
000113F_DK2_H2_84923_84947,000113F_DK2_H2.51
000114F_DK2_H1_62665_62694,000114F_DK2_H1.49
000114F_DK2_H1_77599_77621,000114F_DK2_H1.61
000114F_DK2_H2_72399_72422,000114F_DK2_H2.59
000120F_DK2_H2_35554_35573,000120F_DK2_H2.15
000121F_DK2_H1_51528_51551,000121F_DK2_H1.37
000122F_DK2_H1_11481_11503,000122F_DK2_H1.7
000122F_DK2_H1_11846_11883,000122F_DK2_H1.7
000124F_DK2_H1_4688_4712,000124F_DK2_H1.5
000124F_DK2_H1_51906_51928,000124F_DK2_H1.39
000126F_DK2_H1_111869_111890,000126F_DK2_H1.74
000129F_DK2_H1_63089_63108,000129F_DK2_H1.24
000130F_DK2_H1_20512_20532,000130F_DK2_H1.17
000130F_DK2_H1_54738_54765,000130F_DK2_H1.41
000133F_DK2_H1_28844_28863,000133F_DK2_H1.10
000133F_DK2_H1_56475_56498,000133F_DK2_H1.30
000133F_DK2_H1_57081_57104,000133F_DK2_H1.30
000133F_DK2_H2_56572_56595,000133F_DK2_H2.25
000134F_DK2_H1_13735_13756,000134F_DK2_H1.13
000134F_DK2_H1_37816_37838,000134F_DK2_H1.21
000135F_DK2_H1_34597_34637,000135F_DK2_H1.27
000135F_DK2_H1_39983_40020,000135F_DK2_H1.31
000137F_DK2_H1_8387_8408,000137F_DK2_H1.4
000137F_DK2_H2_59085_59114,000137F_DK2_H2.38
000138F_DK2_H1_23470_23489,000138F_DK2_H1.17
000138F_DK2_H1_25921_25946,000138F_DK2_H1.19
000138F_DK2_H2_23173_23201,000138F_DK2_H2.15
000142F_DK2_H2_9934_9961,000142F_DK2_H2.8
000142F_DK2_H2_39193_39213,000142F_DK2_H2.24
000145F_DK2_H1_23130_23153,000145F_DK2_H1.21
000146F_DK2_H2_63592_63613,000146F_DK2_H2.28
000146F_DK2_H2_63780_63802,000146F_DK2_H2.28
000146F_DK2_H2_74188_74210,000146F_DK2_H2.33
000147F_DK2_H1_66273_66292,000147F_DK2_H1.32
000148F_DK2_H2_47459_47484,000148F_DK2_H2.30
000148F_DK2_H2_47644_47664,000148F_DK2_H2.30
000148F_DK2_H2_50326_50348,000148F_DK2_H2.33
000148F_DK2_H2_57609_57631,000148F_DK2_H2.37
000149F_DK2_H1_9069_9092,000149F_DK2_H1.6
000151F_DK2_H1_3245_3267,000151F_DK2_H1.3
000152F_DK2_H1_72160_72184,000152F_DK2_H1.49
000152F_DK2_H2_33161_33188,000152F_DK2_H2.14
000152F_DK2_H2_72248_72272,000152F_DK2_H2.51
000153F_DK2_H2_63102_63125,000153F_DK2_H2.35
000154F_DK2_H1_18511_18536,000154F_DK2_H1.8
000154F_DK2_H2_36706_36726,000154F_DK2_H2.15
000155F_DK2_H1_7699_7724,000155F_DK2_H1.6
000155F_DK2_H1_38675_38697,000155F_DK2_H1.28
000155F_DK2_H1_41651_41673,000155F_DK2_H1.31
000157F_DK2_H1_57056_57081,000157F_DK2_H1.39
000157F_DK2_H1_57928_57953,000157F_DK2_H1.39
000158F_DK2_H2_34006_34037,000158F_DK2_H2.21
000159F_DK2_H2_48361_48384,000159F_DK2_H2.33
000159F_DK2_H2_59042_59067,000159F_DK2_H2.39
000159F_DK2_H2_60149_60169,000159F_DK2_H2.39
000160F_DK2_H1_19652_19679,000160F_DK2_H1.11
000160F_DK2_H1_56112_56137,000160F_DK2_H1.37
000161F_DK2_H1_2140_2164,000161F_DK2_H1.2
000163F_DK2_H1_65601_65623,000163F_DK2_H1.47
000165F_DK2_H1_7561_7586,000165F_DK2_H1.7
000165F_DK2_H1_32250_32272,000165F_DK2_H1.20
000165F_DK2_H2_47798_47852,000165F_DK2_H2.30
000166F_DK2_H1_24781_24804,000166F_DK2_H1.22
000166F_DK2_H2_25835_25857,000166F_DK2_H2.23
000167F_DK2_H1_15760_15779,000167F_DK2_H1.11
000167F_DK2_H2_19062_19099,000167F_DK2_H2.15
000167F_DK2_H2_45538_45559,000167F_DK2_H2.37
000168F_DK2_H1_13918_13940,000168F_DK2_H1.15
000168F_DK2_H1_14586_14606,000168F_DK2_H1.15
000168F_DK2_H1_58531_58555,000168F_DK2_H1.37
000168F_DK2_H1_59233_59257,000168F_DK2_H1.40
000171F_DK2_H1_14210_14229,000171F_DK2_H1.11
000171F_DK2_H1_56208_56229,000171F_DK2_H1.30
000171F_DK2_H2_42017_42046,000171F_DK2_H2.27
000175F_DK2_H1_29611_29637,000175F_DK2_H1.12
000175F_DK2_H1_31017_31038,000175F_DK2_H1.13
000176F_DK2_H1_50824_50843,000176F_DK2_H1.34
000178F_DK2_H1_29239_29264,000178F_DK2_H1.27
000178F_DK2_H2_56474_56495,000178F_DK2_H2.48
000179F_DK2_H1_33717_33750,000179F_DK2_H1.23
000180F_DK2_H1_21239_21267,000180F_DK2_H1.14
000181F_DK2_H1_49882_49905,000181F_DK2_H1.35
000181F_DK2_H2_34585_34607,000181F_DK2_H2.24
000182F_DK2_H2_2532_2553,000182F_DK2_H2.2
000182F_DK2_H2_11267_11287,000182F_DK2_H2.9
000183F_DK2_H1_29967_29989,000183F_DK2_H1.22
000183F_DK2_H2_13812_13835,000183F_DK2_H2.14
000185F_DK2_H1_5196_5290,000185F_DK2_H1.2
000185F_DK2_H2_50027_50051,000185F_DK2_H2.41
000187F_DK2_H1_48915_48939,000187F_DK2_H1.31
000187F_DK2_H1_62904_62927,000187F_DK2_H1.46
000187F_DK2_H1_63251_63269,000187F_DK2_H1.46
000189F_DK2_H1_12797_12824,000189F_DK2_H1.7
000189F_DK2_H1_23724_23747,000189F_DK2_H1.13
000190F_DK2_H1_31793_31840,000190F_DK2_H1.24
000192F_23762-60009_DK2_H1_19899_19920,000192F_23762-60009_DK2_H1.8
000193F_DK2_H2_126707_126734,000193F_DK2_H2.87
000193F_DK2_H2_131697_131721,000193F_DK2_H2.91
000193F_DK2_H2_135851_135876,000193F_DK2_H2.93
000193F_DK2_H2_136084_136112,000193F_DK2_H2.93
000197F_DK2_H1_37694_37725,000197F_DK2_H1.30
000197F_DK2_H1_60860_60883,000197F_DK2_H1.51
000197F_DK2_H2_53303_53327,000197F_DK2_H2.43
000197F_DK2_H2_53525_53549,000197F_DK2_H2.43
000197F_DK2_H2_81815_81849,000197F_DK2_H2.64
000199F_DK2_H2_27936_27959,000199F_DK2_H2.11
000199F_DK2_H2_31158_31177,000199F_DK2_H2.12
000200F_DK2_H2_29219_29238,000200F_DK2_H2.19
000200F_DK2_H2_50240_50265,000200F_DK2_H2.38
000201F_DK2_H2_21954_21978,000201F_DK2_H2.18
000202F_DK2_H1_10442_10464,000202F_DK2_H1.8
000206F_DK2_H1_16326_16347,000206F_DK2_H1.15
000206F_DK2_H1_39433_39454,000206F_DK2_H1.24
000208F_DK2_H1_13991_14023,000208F_DK2_H1.10
000208F_DK2_H1_51758_51780,000208F_DK2_H1.31
000209F_DK2_H1_29830_29853,000209F_DK2_H1.17
000209F_DK2_H1_30337_30359,000209F_DK2_H1.17
000212F_DK2_H2_23644_23667,000212F_DK2_H2.14
000216F_DK2_H2_28331_28352,000216F_DK2_H2.17
000216F_DK2_H2_31663_31684,000216F_DK2_H2.18
000225F_DK2_H1_19158_19179,000225F_DK2_H1.10
000225F_DK2_H1_139872_139894,000225F_DK2_H1.81
000225F_DK2_H2_108733_108765,000225F_DK2_H2.58
000226F_DK2_H1_11100_11166,000226F_DK2_H1.6
000228F_DK2_H2_47737_47767,000228F_DK2_H2.30
000229F_DK2_H1_39403_39428,000229F_DK2_H1.33
000230F_DK2_H1_11156_11175,000230F_DK2_H1.9
000230F_DK2_H2_21742_21763,000230F_DK2_H2.15
000232F_DK2_H1_28384_28407,000232F_DK2_H1.16
000232F_DK2_H1_36012_36034,000232F_DK2_H1.23
000234F_DK2_H2_30344_30368,000234F_DK2_H2.21
000238F_DK2_H1_24481_24502,000238F_DK2_H1.10
000238F_DK2_H1_40768_40794,000238F_DK2_H1.24
000238F_DK2_H2_3494_3516,000238F_DK2_H2.3
000239F_DK2_H2_39579_39621,000239F_DK2_H2.18
000240F_DK2_H1_7218_7238,000240F_DK2_H1.7
000240F_DK2_H2_22343_22362,000240F_DK2_H2.24
000240F_DK2_H2_24607_24644,000240F_DK2_H2.27
000242F_DK2_H1_28089_28111,000242F_DK2_H1.29
000244F_DK2_H1_10801_10842,000244F_DK2_H1.4
000246F_DK2_H2_7483_7506,000246F_DK2_H2.5
000246F_DK2_H2_11921_11944,000246F_DK2_H2.11
000248F_DK2_H2_11174_11195,000248F_DK2_H2.8
000250F_DK2_H2_13158_13188,000250F_DK2_H2.5
000253F_DK2_H1_6422_6446,000253F_DK2_H1.5
000253F_DK2_H1_6775_6822,000253F_DK2_H1.6
000255F_DK2_H2_41797_41822,000255F_DK2_H2.32
000259F_DK2_H1_25264_25285,000259F_DK2_H1.14
000267F_DK2_H1_13098_13119,000267F_DK2_H1.7
000267F_DK2_H2_17284_17306,000267F_DK2_H2.10
000268F_DK2_H1_705_725,000268F_DK2_H1.1
000268F_DK2_H1_14037_14059,000268F_DK2_H1.12
000270F_DK2_H1_13264_13286,000270F_DK2_H1.11
000273F_DK2_H2_22921_22944,000273F_DK2_H2.19
000281F_DK2_H2_6687_6708,000281F_DK2_H2.4
000281F_DK2_H2_8135_8162,000281F_DK2_H2.5
000281F_DK2_H2_8309_8331,000281F_DK2_H2.5
000281F_DK2_H2_13339_13361,000281F_DK2_H2.10
000285F_DK2_H1_3618_3647,000285F_DK2_H1.4
000291F_DK2_H1_7681_7706,000291F_DK2_H1.2
000291F_DK2_H2_31549_31574,000291F_DK2_H2.18
000294F_DK2_H2_937_961,000294F_DK2_H2.1
000296F_DK2_H1_8518_8549,000296F_DK2_H1.5
000297F_DK2_H1_3056_3079,000297F_DK2_H1.2
000303F_DK2_H2_16094_16117,000303F_DK2_H2.13
000303F_DK2_H2_16467_16488,000303F_DK2_H2.13
000305F_DK2_H1_16453_16476,000305F_DK2_H1.8
000315F_DK2_H1_29444_29463,000315F_DK2_H1.21
000316F_DK2_H2_19869_19893,000316F_DK2_H2.13
000317F_DK2_H1_32010_32030,000317F_DK2_H1.24
000318F_DK2_H1_15957_15980,000318F_DK2_H1.12
000327F_DK2_H1_29597_29624,000327F_DK2_H1.24
000331F_DK2_H2_15137_15171,000331F_DK2_H2.10
000337F_DK2_H1_23620_23644,000337F_DK2_H1.19
000337F_DK2_H2_22787_22810,000337F_DK2_H2.20
000338F_DK2_H2_26796_26817,000338F_DK2_H2.12
000342F_DK2_H2_1724_1746,000342F_DK2_H2.1
000342F_DK2_H2_35009_35039,000342F_DK2_H2.30
000345F_DK2_H1_15795_15817,000345F_DK2_H1.14
000345F_DK2_H2_27195_27223,000345F_DK2_H2.21
000354F_DK2_H2_10546_10572,000354F_DK2_H2.7
000357F_DK2_H1_12950_12974,000357F_DK2_H1.8
000366F_DK2_H2_20026_20051,000366F_DK2_H2.6
000370F_DK2_H1_17798_17820,000370F_DK2_H1.15
000373F_DK2_H2_23651_23669,000373F_DK2_H2.14
000383F_DK2_H2_6254_6273,000383F_DK2_H2.4
000386F_DK2_H1_19245_19274,000386F_DK2_H1.10
000389F_DK2_H1_12048_12070,000389F_DK2_H1.7
000390F_DK2_H1_10478_10501,000390F_DK2_H1.9
000396F_DK2_H1_8314_8342,000396F_DK2_H1.5
000401F_DK2_H1_2518_2542,000401F_DK2_H1.2
000401F_DK2_H1_8372_8392,000401F_DK2_H1.9
000413F_DK2_H1_4409_4431,000413F_DK2_H1.2
000415F_DK2_H2_8641_8669,000415F_DK2_H2.7
000431F_DK2_H1_14086_14111,000431F_DK2_H1.7
000431F_DK2_H1_16462_16486,000431F_DK2_H1.9
000435F_DK2_H1_10215_10237,000435F_DK2_H1.8
000442F_DK2_H2_6442_6465,000442F_DK2_H2.4
000446F_DK2_H2_817_841,000446F_DK2_H2.1
000451F_DK2_H1_9743_9764,000451F_DK2_H1.3
000460F_DK2_H2_5135_5156,000460F_DK2_H2.3
000470F_DK2_H1_4470_4492,000470F_DK2_H1.4
000470F_DK2_H2_2676_2696,000470F_DK2_H2.3
000474F_DK2_H1_3383_3403,000474F_DK2_H1.3
000485F_DK2_H1_7043_7065,000485F_DK2_H1.6
000487F_DK2_H1_15430_15454,000487F_DK2_H1.9
000499F_DK2_H2_12327_12349,000499F_DK2_H2.5
000513F_DK2_H2_8211_8239,000513F_DK2_H2.9
000574F_DK2_H2_2863_2888,000574F_DK2_H2.2
000605F_DK2_H2_6450_6477,000605F_DK2_H2.6
